timestamp,unit_id,unit_type,empire_or_resistance,location_x,location_y,destination_x,destination_y,homeworld
2025-07-08 14:09:08,1,x-wing,empire,1,10,10,9,Malastare
2025-07-08 14:09:07,2,stormtrooper,empire,9,6,7,2,Tholoth
2025-07-08 14:09:06,3,tie_fighter,empire,9,2,5,10,Naboo
2025-07-08 14:09:05,4,resistance_soldier,resistance,6,1,8,8,Mon Cala
2025-07-08 14:09:04,5,resistance_soldier,empire,4,2,6,2,Toydaria
2025-07-08 14:09:03,6,at-at,resistance,6,2,2,6,Dorin
2025-07-08 14:09:02,7,unknown,resistance,1,1,1,8,Ojom
2025-07-08 14:09:01,8,unknown,empire,3,7,4,4,Stewjon
2025-07-08 14:09:00,9,tie_silencer,empire,10,6,8,1,Serenno
2025-07-08 14:08:59,10,stormtrooper,resistance,8,3,6,7,Socorro
2025-07-08 14:08:58,11,x-wing,resistance,2,7,2,3,Kalee
2025-07-08 14:08:57,12,at-at,resistance,10,1,7,9,Sullust
2025-07-08 14:08:56,13,stormtrooper,resistance,8,3,2,6,Kashyyyk
2025-07-08 14:08:55,14,stormtrooper,resistance,1,8,3,7,Concord Dawn
2025-07-08 14:08:54,15,at-at,resistance,6,9,8,1,Mon Cala
2025-07-08 14:08:53,16,unknown,resistance,9,9,9,1,Concord Dawn
2025-07-08 14:08:52,17,at-st,resistance,2,2,9,7,Haruun Kal
2025-07-08 14:08:51,18,at-st,resistance,8,6,1,4,Iktotch
2025-07-08 14:08:50,19,at-st,resistance,2,1,2,10,Eriadu
2025-07-08 14:08:49,20,tie_fighter,empire,5,10,1,1,Serenno
2025-07-08 14:08:48,21,stormtrooper,resistance,9,4,5,10,Shili
2025-07-08 14:08:47,22,stormtrooper,resistance,10,5,4,7,Shili
2025-07-08 14:08:46,23,tie_fighter,resistance,9,2,9,3,Iridonia
2025-07-08 14:08:45,24,at-st,resistance,7,9,4,5,Glee Anselm
2025-07-08 14:08:44,25,at-at,resistance,4,1,10,10,Cerea
2025-07-08 14:08:43,26,resistance_soldier,resistance,6,7,7,8,Dagobah
2025-07-08 14:08:42,27,at-at,empire,9,9,4,5,Stewjon
2025-07-08 14:08:41,28,x-wing,resistance,4,5,8,2,Sullust
2025-07-08 14:08:40,29,resistance_soldier,resistance,8,2,2,7,Ryloth
2025-07-08 14:08:39,30,tie_silencer,resistance,8,5,6,2,Glee Anselm
2025-07-08 14:08:38,31,unknown,empire,9,10,8,9,Kalee
2025-07-08 14:08:37,32,tie_fighter,empire,9,4,8,7,Aleen Minor
2025-07-08 14:08:36,33,resistance_soldier,empire,1,6,8,5,Kalee
2025-07-08 14:08:35,34,at-at,empire,9,7,8,1,Serenno
2025-07-08 14:08:34,35,resistance_soldier,resistance,2,1,9,10,Sullust
2025-07-08 14:08:33,36,at-st,empire,3,8,9,1,Vulpter
2025-07-08 14:08:32,37,resistance_soldier,empire,2,7,6,10,Malastare
2025-07-08 14:08:31,38,tie_silencer,resistance,1,3,3,7,Skako
2025-07-08 14:08:30,39,at-st,resistance,5,1,5,7,Kalee
2025-07-08 14:08:29,40,tie_silencer,resistance,7,9,6,4,Glee Anselm
2025-07-08 14:08:28,41,resistance_soldier,resistance,1,7,8,10,Dathomir
2025-07-08 14:08:27,42,tie_silencer,empire,3,7,7,7,Shili
2025-07-08 14:08:26,43,unknown,empire,10,2,9,8,Skako
2025-07-08 14:08:25,44,tie_fighter,empire,1,8,8,6,Umbara
2025-07-08 14:08:24,45,at-at,resistance,4,7,8,9,Troiken
2025-07-08 14:08:23,46,at-st,empire,3,2,7,8,Muunilinst
2025-07-08 14:08:22,47,tie_fighter,empire,4,10,8,3,Tund
2025-07-08 14:08:21,48,at-st,resistance,4,10,4,8,Stewjon
2025-07-08 14:08:20,49,resistance_soldier,empire,6,7,8,7,Dagobah
2025-07-08 14:08:19,50,resistance_soldier,resistance,1,3,3,10,Concord Dawn
2025-07-08 14:08:18,51,tie_fighter,resistance,3,6,6,1,Mirial
2025-07-08 14:08:17,52,at-st,empire,8,4,10,8,Tatooine
2025-07-08 14:08:16,53,resistance_soldier,resistance,4,6,8,7,Mon Cala
2025-07-08 14:08:15,54,resistance_soldier,resistance,9,10,10,7,Kashyyyk
2025-07-08 14:08:14,55,unknown,resistance,4,1,4,3,Serenno
2025-07-08 14:08:13,56,unknown,resistance,3,9,5,8,Ryloth
2025-07-08 14:08:12,57,x-wing,resistance,3,4,5,10,Naboo
2025-07-08 14:08:11,58,tie_silencer,empire,2,5,3,1,Aleen Minor
2025-07-08 14:08:10,59,tie_fighter,resistance,2,9,5,3,Kashyyyk
2025-07-08 14:08:09,60,x-wing,empire,8,2,2,2,Iktotch
2025-07-08 14:08:08,61,at-st,resistance,1,2,1,9,Dorin
2025-07-08 14:08:07,62,unknown,resistance,9,4,1,3,Mirial
2025-07-08 14:08:06,63,x-wing,empire,3,8,1,8,Tund
2025-07-08 14:08:05,64,tie_fighter,resistance,8,1,5,8,Tholoth
2025-07-08 14:08:04,65,tie_fighter,resistance,5,8,4,7,Shili
2025-07-08 14:08:03,66,resistance_soldier,empire,5,4,4,6,Iridonia
2025-07-08 14:08:02,67,stormtrooper,resistance,3,4,5,4,Aleen Minor
2025-07-08 14:08:01,68,stormtrooper,empire,9,7,1,2,Concord Dawn
2025-07-08 14:08:00,69,at-at,empire,1,9,5,1,Malastare
2025-07-08 14:07:59,70,unknown,resistance,6,9,5,6,Socorro
2025-07-08 14:07:58,71,x-wing,empire,3,3,9,3,Ryloth
2025-07-08 14:07:57,72,tie_silencer,resistance,5,7,9,1,Ryloth
2025-07-08 14:07:56,73,unknown,resistance,3,7,1,1,Mon Cala
2025-07-08 14:07:55,74,stormtrooper,empire,1,4,5,3,Serenno
2025-07-08 14:07:54,75,tie_fighter,empire,7,10,8,3,Stewjon
2025-07-08 14:07:53,76,tie_silencer,resistance,10,4,10,5,Cerea
2025-07-08 14:07:52,77,at-st,empire,7,3,3,3,Stewjon
2025-07-08 14:07:51,78,at-at,empire,10,8,8,2,Tholoth
2025-07-08 14:07:50,79,x-wing,resistance,9,2,6,7,Dorin
2025-07-08 14:07:49,80,tie_fighter,empire,8,4,7,6,Eriadu
2025-07-08 14:07:48,81,at-st,empire,10,2,8,9,Cerea
2025-07-08 14:07:47,82,at-at,empire,9,8,1,8,Eriadu
2025-07-08 14:07:46,83,x-wing,resistance,5,5,3,7,Glee Anselm
2025-07-08 14:07:45,84,stormtrooper,resistance,3,6,5,10,Chandrila
2025-07-08 14:07:44,85,tie_fighter,empire,3,8,10,9,Tatooine
2025-07-08 14:07:43,86,tie_fighter,resistance,10,6,4,2,Cerea
2025-07-08 14:07:42,87,at-st,resistance,8,9,8,10,Glee Anselm
2025-07-08 14:07:41,88,unknown,empire,9,10,7,3,Corellia
2025-07-08 14:07:40,89,unknown,resistance,6,10,6,4,Malastare
2025-07-08 14:07:39,90,at-st,empire,8,8,6,5,Tatooine
2025-07-08 14:07:38,91,unknown,resistance,7,3,2,6,Bestine IV
2025-07-08 14:07:37,92,at-st,resistance,3,10,7,8,Zolan
2025-07-08 14:07:36,93,at-at,resistance,7,7,9,6,Quermia
2025-07-08 14:07:35,94,unknown,resistance,2,6,1,1,Chandrila
2025-07-08 14:07:34,95,unknown,resistance,4,2,7,9,Mon Cala
2025-07-08 14:07:33,96,resistance_soldier,resistance,3,5,10,10,Iridonia
2025-07-08 14:07:32,97,unknown,resistance,2,4,3,2,Iridonia
2025-07-08 14:07:31,98,tie_fighter,resistance,5,4,5,10,Bestine IV
2025-07-08 14:07:30,99,resistance_soldier,resistance,9,5,3,10,Champala
2025-07-08 14:07:29,100,x-wing,resistance,9,6,6,2,Alderaan
2025-07-08 14:07:28,101,at-st,empire,2,2,4,4,Serenno
2025-07-08 14:07:27,102,resistance_soldier,empire,10,3,10,7,Tund
2025-07-08 14:07:26,103,unknown,empire,5,6,10,5,Rodia
2025-07-08 14:07:25,104,unknown,empire,1,9,10,2,Malastare
2025-07-08 14:07:24,105,tie_fighter,resistance,7,6,5,6,Dathomir
2025-07-08 14:07:23,106,unknown,empire,5,6,7,6,Skako
2025-07-08 14:07:22,107,at-at,resistance,7,2,7,5,Alderaan
2025-07-08 14:07:21,108,stormtrooper,empire,9,5,5,3,Quermia
2025-07-08 14:07:20,109,unknown,empire,5,8,10,4,Muunilinst
2025-07-08 14:07:19,110,at-st,resistance,6,5,3,1,Dathomir
2025-07-08 14:07:18,111,tie_silencer,empire,4,7,3,10,Corellia
2025-07-08 14:07:17,112,at-at,resistance,6,1,7,4,Dathomir
2025-07-08 14:07:16,113,resistance_soldier,resistance,1,9,4,6,Eriadu
2025-07-08 14:07:15,114,tie_silencer,resistance,10,4,8,8,Tholoth
2025-07-08 14:07:14,115,stormtrooper,empire,9,4,8,2,Serenno
2025-07-08 14:07:13,116,x-wing,resistance,10,3,9,7,Vulpter
2025-07-08 14:07:12,117,at-st,empire,9,4,4,9,Glee Anselm
2025-07-08 14:07:11,118,resistance_soldier,resistance,1,7,10,5,Chandrila
2025-07-08 14:07:10,119,at-at,resistance,10,7,7,7,Chandrila
2025-07-08 14:07:09,120,tie_fighter,resistance,4,5,3,4,Trandosha
2025-07-08 14:07:08,121,resistance_soldier,resistance,3,9,8,2,Eriadu
2025-07-08 14:07:07,122,x-wing,empire,5,10,5,7,Skako
2025-07-08 14:07:06,123,at-st,empire,8,3,3,1,Iridonia
2025-07-08 14:07:05,124,stormtrooper,empire,7,8,8,5,Trandosha
2025-07-08 14:07:04,125,unknown,resistance,4,1,4,1,Ryloth
2025-07-08 14:07:03,126,tie_silencer,empire,3,2,2,6,Trandosha
2025-07-08 14:07:02,127,stormtrooper,resistance,2,1,7,2,Quermia
2025-07-08 14:07:01,128,unknown,empire,9,5,5,6,Bestine IV
2025-07-08 14:07:00,129,x-wing,resistance,5,3,2,9,Glee Anselm
2025-07-08 14:06:59,130,at-at,empire,4,7,1,5,Tund
2025-07-08 14:06:58,131,tie_silencer,resistance,1,4,4,2,Vulpter
2025-07-08 14:06:57,132,tie_silencer,empire,9,1,1,3,Tatooine
2025-07-08 14:06:56,133,tie_fighter,resistance,9,4,10,2,Troiken
2025-07-08 14:06:55,134,resistance_soldier,empire,6,5,2,3,Cerea
2025-07-08 14:06:54,135,at-st,resistance,9,3,5,2,Tholoth
2025-07-08 14:06:53,136,unknown,resistance,4,5,3,9,Tatooine
2025-07-08 14:06:52,137,at-at,empire,4,6,3,7,Glee Anselm
2025-07-08 14:06:51,138,tie_silencer,empire,5,3,4,1,Trandosha
2025-07-08 14:06:50,139,stormtrooper,empire,5,10,6,2,Concord Dawn
2025-07-08 14:06:49,140,at-at,empire,6,2,8,6,Iktotch
2025-07-08 14:06:48,141,at-st,resistance,7,8,1,2,Kashyyyk
2025-07-08 14:06:47,142,at-st,empire,5,10,1,2,Mirial
2025-07-08 14:06:46,143,resistance_soldier,resistance,9,1,1,4,Skako
2025-07-08 14:06:45,144,unknown,empire,3,3,5,10,Glee Anselm
2025-07-08 14:06:44,145,tie_fighter,resistance,7,5,1,8,Alderaan
2025-07-08 14:06:43,146,tie_fighter,resistance,6,1,10,2,Umbara
2025-07-08 14:06:42,147,tie_fighter,resistance,1,2,10,5,Chandrila
2025-07-08 14:06:41,148,unknown,resistance,6,7,9,4,Cerea
2025-07-08 14:06:40,149,tie_fighter,resistance,3,1,4,6,Rodia
2025-07-08 14:06:39,150,tie_fighter,resistance,2,6,10,4,Bestine IV
2025-07-08 14:06:38,151,unknown,empire,3,4,2,4,Aleen Minor
2025-07-08 14:06:37,152,resistance_soldier,resistance,6,5,1,3,Dathomir
2025-07-08 14:06:36,153,x-wing,empire,4,6,6,9,Kalee
2025-07-08 14:06:35,154,tie_fighter,resistance,8,6,3,10,Serenno
2025-07-08 14:06:34,155,resistance_soldier,resistance,3,9,2,4,Dathomir
2025-07-08 14:06:33,156,at-st,resistance,9,10,7,9,Cerea
2025-07-08 14:06:32,157,tie_fighter,resistance,10,8,6,1,Haruun Kal
2025-07-08 14:06:31,158,tie_fighter,empire,1,1,10,3,Quermia
2025-07-08 14:06:30,159,tie_silencer,empire,2,1,8,2,Ojom
2025-07-08 14:06:29,160,x-wing,empire,9,8,9,10,Umbara
2025-07-08 14:06:28,161,x-wing,resistance,7,6,7,2,Sullust
2025-07-08 14:06:27,162,x-wing,resistance,9,7,5,9,Alderaan
2025-07-08 14:06:26,163,at-at,empire,9,3,1,3,Bestine IV
2025-07-08 14:06:25,164,x-wing,empire,8,3,5,7,Haruun Kal
2025-07-08 14:06:24,165,resistance_soldier,empire,6,3,7,4,Muunilinst
2025-07-08 14:06:23,166,unknown,empire,6,10,8,5,Corellia
2025-07-08 14:06:22,167,tie_fighter,empire,9,9,9,10,Vulpter
2025-07-08 14:06:21,168,unknown,empire,6,7,9,9,Dorin
2025-07-08 14:06:20,169,x-wing,resistance,10,9,2,3,Tatooine
2025-07-08 14:06:19,170,resistance_soldier,empire,8,1,9,10,Rodia
2025-07-08 14:06:18,171,tie_silencer,empire,5,3,6,3,Concord Dawn
2025-07-08 14:06:17,172,x-wing,resistance,1,1,8,7,Troiken
2025-07-08 14:06:16,173,stormtrooper,resistance,3,3,8,10,Eriadu
2025-07-08 14:06:15,174,x-wing,resistance,6,3,8,6,Malastare
2025-07-08 14:06:14,175,unknown,resistance,5,3,7,1,Vulpter
2025-07-08 14:06:13,176,tie_silencer,empire,9,4,2,3,Dorin
2025-07-08 14:06:12,177,at-st,empire,10,4,8,4,Malastare
2025-07-08 14:06:11,178,x-wing,resistance,8,3,2,5,Dorin
2025-07-08 14:06:10,179,at-at,resistance,2,8,1,8,Vulpter
2025-07-08 14:06:09,180,stormtrooper,empire,7,6,7,9,Serenno
2025-07-08 14:06:08,181,stormtrooper,empire,7,6,6,4,Glee Anselm
2025-07-08 14:06:07,182,at-at,empire,2,2,10,6,Dorin
2025-07-08 14:06:06,183,stormtrooper,resistance,10,4,8,6,Cerea
2025-07-08 14:06:05,184,tie_silencer,resistance,9,9,10,2,Ojom
2025-07-08 14:06:04,185,unknown,empire,7,1,10,9,Mirial
2025-07-08 14:06:03,186,at-at,resistance,4,1,5,4,Iridonia
2025-07-08 14:06:02,187,unknown,empire,6,7,10,10,Bestine IV
2025-07-08 14:06:01,188,stormtrooper,resistance,5,8,8,4,Tatooine
2025-07-08 14:06:00,189,tie_silencer,resistance,8,2,6,3,Mon Cala
2025-07-08 14:05:59,190,tie_fighter,resistance,5,2,5,1,Kalee
2025-07-08 14:05:58,191,at-st,resistance,8,5,10,8,Cerea
2025-07-08 14:05:57,192,x-wing,empire,9,9,4,3,Tatooine
2025-07-08 14:05:56,193,stormtrooper,resistance,6,6,3,3,Dorin
2025-07-08 14:05:55,194,tie_silencer,empire,3,4,1,1,Cerea
2025-07-08 14:05:54,195,x-wing,resistance,5,7,4,10,Socorro
2025-07-08 14:05:53,196,unknown,empire,7,4,3,10,Champala
2025-07-08 14:05:52,197,x-wing,resistance,6,9,6,3,Haruun Kal
2025-07-08 14:05:51,198,at-at,empire,8,7,5,3,Cerea
2025-07-08 14:05:50,199,tie_fighter,empire,4,6,7,10,Dagobah
2025-07-08 14:05:49,200,at-at,empire,1,2,1,1,Muunilinst
2025-07-08 14:05:48,201,tie_silencer,empire,2,10,7,10,Iridonia
2025-07-08 14:05:47,202,tie_silencer,empire,1,5,2,8,Corellia
2025-07-08 14:05:46,203,tie_fighter,empire,10,2,2,2,Corellia
2025-07-08 14:05:45,204,unknown,resistance,6,8,6,5,Sullust
2025-07-08 14:05:44,205,at-st,resistance,3,7,6,9,Chandrila
2025-07-08 14:05:43,206,x-wing,empire,5,5,10,6,Muunilinst
2025-07-08 14:05:42,207,at-at,resistance,4,6,6,7,Kalee
2025-07-08 14:05:41,208,tie_silencer,resistance,2,5,2,2,Naboo
2025-07-08 14:05:40,209,at-at,resistance,2,1,6,6,Chandrila
2025-07-08 14:05:39,210,tie_silencer,resistance,10,9,5,8,Dathomir
2025-07-08 14:05:38,211,stormtrooper,empire,7,8,5,6,Kalee
2025-07-08 14:05:37,212,tie_silencer,empire,8,5,3,5,Muunilinst
2025-07-08 14:05:36,213,tie_silencer,resistance,4,3,1,1,Tatooine
2025-07-08 14:05:35,214,at-st,empire,3,6,1,10,Umbara
2025-07-08 14:05:34,215,tie_fighter,resistance,8,6,4,10,Concord Dawn
2025-07-08 14:05:33,216,resistance_soldier,empire,1,3,5,3,Quermia
2025-07-08 14:05:32,217,at-st,resistance,2,7,5,2,Ryloth
2025-07-08 14:05:31,218,at-st,empire,4,9,8,2,Toydaria
2025-07-08 14:05:30,219,at-at,empire,10,4,6,1,Serenno
2025-07-08 14:05:29,220,at-at,empire,5,7,4,9,Muunilinst
2025-07-08 14:05:28,221,x-wing,resistance,7,5,9,6,Alderaan
2025-07-08 14:05:27,222,x-wing,empire,8,10,1,7,Iridonia
2025-07-08 14:05:26,223,x-wing,empire,2,10,5,10,Umbara
2025-07-08 14:05:25,224,x-wing,empire,8,9,10,1,Iktotch
2025-07-08 14:05:24,225,tie_silencer,empire,1,6,5,7,Champala
2025-07-08 14:05:23,226,x-wing,empire,6,10,6,9,Aleen Minor
2025-07-08 14:05:22,227,unknown,resistance,9,7,9,8,Cerea
2025-07-08 14:05:21,228,resistance_soldier,resistance,10,6,10,6,Champala
2025-07-08 14:05:20,229,tie_fighter,resistance,10,10,9,1,Toydaria
2025-07-08 14:05:19,230,tie_fighter,resistance,3,3,1,4,Chandrila
2025-07-08 14:05:18,231,unknown,empire,2,2,2,8,Ojom
2025-07-08 14:05:17,232,unknown,resistance,6,6,8,5,Eriadu
2025-07-08 14:05:16,233,stormtrooper,empire,7,6,7,4,Dorin
2025-07-08 14:05:15,234,tie_fighter,empire,5,4,5,10,Rodia
2025-07-08 14:05:14,235,at-st,empire,3,7,7,6,Aleen Minor
2025-07-08 14:05:13,236,tie_silencer,empire,3,10,2,3,Aleen Minor
2025-07-08 14:05:12,237,stormtrooper,empire,10,2,1,1,Kalee
2025-07-08 14:05:11,238,x-wing,empire,3,5,10,1,Tund
2025-07-08 14:05:10,239,resistance_soldier,empire,6,1,6,2,Mon Cala
2025-07-08 14:05:09,240,unknown,empire,7,2,3,9,Ojom
2025-07-08 14:05:08,241,at-at,resistance,2,8,5,6,Aleen Minor
2025-07-08 14:05:07,242,tie_fighter,resistance,4,2,2,10,Skako
2025-07-08 14:05:06,243,at-at,resistance,9,5,4,6,Aleen Minor
2025-07-08 14:05:05,244,tie_fighter,resistance,4,8,1,6,Ryloth
2025-07-08 14:05:04,245,tie_fighter,resistance,8,1,7,5,Socorro
2025-07-08 14:05:03,246,resistance_soldier,resistance,5,6,5,8,Haruun Kal
2025-07-08 14:05:02,247,tie_fighter,empire,8,9,7,8,Trandosha
2025-07-08 14:05:01,248,at-at,empire,3,10,5,9,Eriadu
2025-07-08 14:05:00,249,unknown,resistance,6,5,5,3,Malastare
2025-07-08 14:04:59,250,at-st,resistance,6,2,1,10,Champala
2025-07-08 14:04:58,251,stormtrooper,empire,9,2,7,2,Stewjon
2025-07-08 14:04:57,252,tie_silencer,empire,10,6,6,10,Dorin
2025-07-08 14:04:56,253,x-wing,empire,5,9,3,3,Corellia
2025-07-08 14:04:55,254,tie_silencer,resistance,6,3,6,10,Kalee
2025-07-08 14:04:54,255,at-at,empire,9,3,8,6,Bestine IV
2025-07-08 14:04:53,256,at-at,empire,9,1,1,9,Corellia
2025-07-08 14:04:52,257,resistance_soldier,resistance,2,5,10,4,Bestine IV
2025-07-08 14:04:51,258,at-at,resistance,5,4,6,10,Alderaan
2025-07-08 14:04:50,259,stormtrooper,empire,5,7,2,9,Mirial
2025-07-08 14:04:49,260,stormtrooper,empire,10,8,3,3,Tholoth
2025-07-08 14:04:48,261,tie_silencer,resistance,5,1,2,10,Vulpter
2025-07-08 14:04:47,262,tie_fighter,empire,2,2,8,2,Aleen Minor
2025-07-08 14:04:46,263,unknown,empire,4,1,9,3,Serenno
2025-07-08 14:04:45,264,at-st,resistance,6,9,5,3,Chandrila
2025-07-08 14:04:44,265,stormtrooper,resistance,5,1,7,9,Dathomir
2025-07-08 14:04:43,266,tie_silencer,resistance,4,7,5,5,Skako
2025-07-08 14:04:42,267,tie_silencer,resistance,8,10,10,5,Ryloth
2025-07-08 14:04:41,268,tie_fighter,resistance,7,6,6,5,Umbara
2025-07-08 14:04:40,269,resistance_soldier,empire,5,7,4,4,Zolan
2025-07-08 14:04:39,270,x-wing,resistance,6,2,5,3,Quermia
2025-07-08 14:04:38,271,resistance_soldier,resistance,10,1,2,5,Glee Anselm
2025-07-08 14:04:37,272,x-wing,resistance,1,3,10,1,Chandrila
2025-07-08 14:04:36,273,at-st,resistance,2,5,7,4,Dorin
2025-07-08 14:04:35,274,tie_silencer,empire,9,2,2,5,Aleen Minor
2025-07-08 14:04:34,275,at-st,resistance,1,4,10,10,Zolan
2025-07-08 14:04:33,276,unknown,empire,1,3,10,8,Iktotch
2025-07-08 14:04:32,277,at-st,empire,5,6,6,10,Haruun Kal
2025-07-08 14:04:31,278,resistance_soldier,empire,1,3,8,3,Dorin
2025-07-08 14:04:30,279,stormtrooper,empire,2,6,2,8,Umbara
2025-07-08 14:04:29,280,x-wing,empire,6,6,4,10,Dathomir
2025-07-08 14:04:28,281,at-at,resistance,6,3,10,8,Vulpter
2025-07-08 14:04:27,282,unknown,empire,4,1,1,8,Skako
2025-07-08 14:04:26,283,tie_silencer,empire,4,1,6,5,Dorin
2025-07-08 14:04:25,284,tie_silencer,resistance,6,2,8,10,Dagobah
2025-07-08 14:04:24,285,tie_fighter,resistance,5,5,9,4,Bestine IV
2025-07-08 14:04:23,286,at-st,empire,7,3,9,8,Cerea
2025-07-08 14:04:22,287,stormtrooper,empire,2,6,2,5,Glee Anselm
2025-07-08 14:04:21,288,stormtrooper,empire,4,7,8,4,Skako
2025-07-08 14:04:20,289,resistance_soldier,resistance,1,1,3,6,Naboo
2025-07-08 14:04:19,290,at-st,empire,9,8,7,3,Muunilinst
2025-07-08 14:04:18,291,tie_fighter,empire,5,9,8,7,Naboo
2025-07-08 14:04:17,292,unknown,resistance,10,8,3,8,Haruun Kal
2025-07-08 14:04:16,293,stormtrooper,empire,7,2,3,9,Kalee
2025-07-08 14:04:15,294,resistance_soldier,empire,3,6,7,8,Haruun Kal
2025-07-08 14:04:14,295,tie_silencer,empire,7,2,5,1,Iktotch
2025-07-08 14:04:13,296,resistance_soldier,empire,6,10,9,8,Ojom
2025-07-08 14:04:12,297,unknown,empire,8,6,4,9,Dorin
2025-07-08 14:04:11,298,tie_fighter,resistance,7,7,2,9,Sullust
2025-07-08 14:04:10,299,stormtrooper,empire,1,7,9,6,Dagobah
2025-07-08 14:04:09,300,x-wing,resistance,10,9,1,4,Kalee
2025-07-08 14:04:08,301,stormtrooper,empire,9,5,3,4,Eriadu
2025-07-08 14:04:07,302,stormtrooper,resistance,7,8,4,1,Vulpter
2025-07-08 14:04:06,303,at-st,empire,2,7,7,8,Champala
2025-07-08 14:04:05,304,tie_fighter,resistance,4,3,1,4,Tholoth
2025-07-08 14:04:04,305,resistance_soldier,empire,7,8,6,3,Concord Dawn
2025-07-08 14:04:03,306,tie_silencer,empire,4,6,5,4,Cerea
2025-07-08 14:04:02,307,resistance_soldier,empire,9,10,4,7,Kashyyyk
2025-07-08 14:04:01,308,at-at,empire,10,3,6,6,Toydaria
2025-07-08 14:04:00,309,tie_fighter,empire,2,5,8,2,Tund
2025-07-08 14:03:59,310,stormtrooper,empire,8,1,5,3,Quermia
2025-07-08 14:03:58,311,at-st,empire,3,3,2,5,Serenno
2025-07-08 14:03:57,312,stormtrooper,resistance,9,6,2,1,Bestine IV
2025-07-08 14:03:56,313,resistance_soldier,resistance,5,8,4,3,Bestine IV
2025-07-08 14:03:55,314,at-st,resistance,1,10,4,1,Muunilinst
2025-07-08 14:03:54,315,at-at,empire,10,3,5,4,Trandosha
2025-07-08 14:03:53,316,at-at,empire,2,9,2,2,Vulpter
2025-07-08 14:03:52,317,stormtrooper,resistance,9,4,5,8,Skako
2025-07-08 14:03:51,318,tie_silencer,empire,2,5,9,1,Chandrila
2025-07-08 14:03:50,319,resistance_soldier,resistance,9,7,8,8,Sullust
2025-07-08 14:03:49,320,x-wing,empire,2,1,7,4,Eriadu
2025-07-08 14:03:48,321,at-st,resistance,3,8,4,4,Naboo
2025-07-08 14:03:47,322,stormtrooper,resistance,9,10,7,1,Kalee
2025-07-08 14:03:46,323,stormtrooper,resistance,6,1,1,10,Glee Anselm
2025-07-08 14:03:45,324,at-st,empire,2,7,6,5,Tatooine
2025-07-08 14:03:44,325,resistance_soldier,resistance,5,5,9,4,Vulpter
2025-07-08 14:03:43,326,at-at,empire,10,8,6,3,Iridonia
2025-07-08 14:03:42,327,tie_fighter,resistance,5,9,3,6,Mon Cala
2025-07-08 14:03:41,328,at-st,resistance,3,6,4,6,Trandosha
2025-07-08 14:03:40,329,unknown,resistance,4,10,1,1,Tatooine
2025-07-08 14:03:39,330,unknown,empire,10,7,1,10,Eriadu
2025-07-08 14:03:38,331,resistance_soldier,resistance,4,10,4,1,Champala
2025-07-08 14:03:37,332,x-wing,empire,10,10,1,4,Tholoth
2025-07-08 14:03:36,333,at-st,resistance,9,7,9,5,Champala
2025-07-08 14:03:35,334,at-at,resistance,7,2,1,2,Eriadu
2025-07-08 14:03:34,335,resistance_soldier,empire,7,5,8,10,Stewjon
2025-07-08 14:03:33,336,at-st,empire,7,9,6,6,Quermia
2025-07-08 14:03:32,337,tie_fighter,empire,3,8,8,6,Tund
2025-07-08 14:03:31,338,at-st,resistance,6,5,8,9,Dathomir
2025-07-08 14:03:30,339,at-at,resistance,8,5,8,8,Sullust
2025-07-08 14:03:29,340,tie_fighter,empire,5,1,9,8,Glee Anselm
2025-07-08 14:03:28,341,stormtrooper,resistance,9,3,9,1,Rodia
2025-07-08 14:03:27,342,resistance_soldier,resistance,10,7,4,6,Mirial
2025-07-08 14:03:26,343,at-at,resistance,6,4,2,4,Kashyyyk
2025-07-08 14:03:25,344,unknown,resistance,4,5,10,1,Ryloth
2025-07-08 14:03:24,345,at-st,empire,4,2,4,6,Glee Anselm
2025-07-08 14:03:23,346,stormtrooper,resistance,6,8,4,5,Chandrila
2025-07-08 14:03:22,347,tie_silencer,empire,5,6,7,5,Cerea
2025-07-08 14:03:21,348,at-st,resistance,8,9,8,1,Alderaan
2025-07-08 14:03:20,349,stormtrooper,empire,6,6,8,8,Zolan
2025-07-08 14:03:19,350,x-wing,resistance,9,2,5,1,Ryloth
2025-07-08 14:03:18,351,unknown,empire,5,5,5,10,Troiken
2025-07-08 14:03:17,352,at-st,empire,9,8,5,5,Serenno
2025-07-08 14:03:16,353,stormtrooper,empire,7,9,3,3,Shili
2025-07-08 14:03:15,354,at-st,resistance,6,1,8,3,Troiken
2025-07-08 14:03:14,355,unknown,resistance,9,6,2,8,Kalee
2025-07-08 14:03:13,356,at-st,empire,5,9,7,7,Kalee
2025-07-08 14:03:12,357,at-at,empire,1,7,8,10,Kashyyyk
2025-07-08 14:03:11,358,x-wing,empire,10,1,3,10,Ojom
2025-07-08 14:03:10,359,resistance_soldier,empire,1,5,9,6,Haruun Kal
2025-07-08 14:03:09,360,tie_silencer,empire,2,9,1,4,Mirial
2025-07-08 14:03:08,361,stormtrooper,empire,3,1,4,6,Stewjon
2025-07-08 14:03:07,362,tie_silencer,empire,6,7,8,9,Champala
2025-07-08 14:03:06,363,at-at,resistance,9,5,3,9,Shili
2025-07-08 14:03:05,364,at-at,resistance,8,7,6,1,Naboo
2025-07-08 14:03:04,365,at-at,resistance,1,9,9,2,Concord Dawn
2025-07-08 14:03:03,366,tie_fighter,empire,2,5,7,6,Toydaria
2025-07-08 14:03:02,367,at-st,empire,2,8,7,4,Dagobah
2025-07-08 14:03:01,368,stormtrooper,empire,6,1,6,3,Ryloth
2025-07-08 14:03:00,369,tie_silencer,empire,10,2,8,7,Socorro
2025-07-08 14:02:59,370,at-st,empire,5,8,8,7,Trandosha
2025-07-08 14:02:58,371,tie_fighter,resistance,7,5,6,3,Aleen Minor
2025-07-08 14:02:57,372,stormtrooper,empire,6,5,7,5,Toydaria
2025-07-08 14:02:56,373,x-wing,empire,9,3,6,9,Stewjon
2025-07-08 14:02:55,374,at-st,resistance,10,4,7,5,Umbara
2025-07-08 14:02:54,375,at-st,resistance,8,2,4,3,Zolan
2025-07-08 14:02:53,376,resistance_soldier,resistance,6,6,8,5,Alderaan
2025-07-08 14:02:52,377,resistance_soldier,resistance,7,3,3,5,Rodia
2025-07-08 14:02:51,378,at-at,resistance,4,8,1,7,Bestine IV
2025-07-08 14:02:50,379,x-wing,empire,2,9,6,3,Naboo
2025-07-08 14:02:49,380,tie_fighter,empire,7,5,6,5,Corellia
2025-07-08 14:02:48,381,at-at,empire,3,4,5,5,Zolan
2025-07-08 14:02:47,382,stormtrooper,empire,6,3,8,3,Serenno
2025-07-08 14:02:46,383,tie_silencer,empire,8,10,7,5,Muunilinst
2025-07-08 14:02:45,384,at-at,resistance,1,7,7,2,Mirial
2025-07-08 14:02:44,385,tie_silencer,resistance,1,4,8,1,Sullust
2025-07-08 14:02:43,386,resistance_soldier,empire,10,10,5,2,Kalee
2025-07-08 14:02:42,387,tie_fighter,empire,9,4,6,2,Zolan
2025-07-08 14:02:41,388,at-st,empire,8,8,1,5,Dagobah
2025-07-08 14:02:40,389,tie_silencer,resistance,6,10,5,3,Shili
2025-07-08 14:02:39,390,at-at,resistance,10,7,1,9,Kashyyyk
2025-07-08 14:02:38,391,unknown,resistance,8,4,10,5,Vulpter
2025-07-08 14:02:37,392,resistance_soldier,empire,10,7,3,1,Serenno
2025-07-08 14:02:36,393,unknown,empire,8,5,3,7,Tund
2025-07-08 14:02:35,394,resistance_soldier,empire,10,5,9,8,Vulpter
2025-07-08 14:02:34,395,tie_silencer,empire,6,9,2,7,Socorro
2025-07-08 14:02:33,396,at-st,empire,2,4,3,3,Champala
2025-07-08 14:02:32,397,unknown,empire,5,2,1,9,Serenno
2025-07-08 14:02:31,398,x-wing,empire,2,5,9,7,Eriadu
2025-07-08 14:02:30,399,at-st,resistance,2,2,6,7,Alderaan
2025-07-08 14:02:29,400,unknown,resistance,10,3,9,9,Shili
2025-07-08 14:02:28,401,unknown,resistance,4,9,7,10,Glee Anselm
2025-07-08 14:02:27,402,stormtrooper,empire,1,5,7,7,Corellia
2025-07-08 14:02:26,403,at-st,resistance,5,9,6,3,Toydaria
2025-07-08 14:02:25,404,stormtrooper,resistance,9,2,7,2,Iridonia
2025-07-08 14:02:24,405,tie_silencer,resistance,1,3,5,2,Kashyyyk
2025-07-08 14:02:23,406,resistance_soldier,resistance,4,5,4,9,Iridonia
2025-07-08 14:02:22,407,tie_silencer,empire,7,2,4,6,Troiken
2025-07-08 14:02:21,408,unknown,resistance,2,4,1,6,Shili
2025-07-08 14:02:20,409,tie_silencer,empire,8,10,7,2,Champala
2025-07-08 14:02:19,410,tie_silencer,empire,2,9,2,6,Malastare
2025-07-08 14:02:18,411,stormtrooper,empire,3,10,4,4,Muunilinst
2025-07-08 14:02:17,412,at-at,empire,5,9,9,3,Dorin
2025-07-08 14:02:16,413,stormtrooper,resistance,10,5,1,6,Umbara
2025-07-08 14:02:15,414,x-wing,empire,7,6,4,4,Tholoth
2025-07-08 14:02:14,415,at-at,empire,1,1,1,3,Malastare
2025-07-08 14:02:13,416,at-at,empire,6,8,3,4,Iktotch
2025-07-08 14:02:12,417,resistance_soldier,empire,6,7,6,1,Stewjon
2025-07-08 14:02:11,418,at-st,resistance,10,10,3,2,Dathomir
2025-07-08 14:02:10,419,x-wing,empire,1,1,2,2,Tund
2025-07-08 14:02:09,420,tie_fighter,resistance,9,7,8,9,Ojom
2025-07-08 14:02:08,421,x-wing,empire,9,5,4,8,Champala
2025-07-08 14:02:07,422,tie_fighter,empire,5,1,5,5,Umbara
2025-07-08 14:02:06,423,stormtrooper,resistance,2,8,3,6,Mon Cala
2025-07-08 14:02:05,424,tie_fighter,resistance,2,8,6,3,Aleen Minor
2025-07-08 14:02:04,425,at-at,resistance,3,10,1,8,Mirial
2025-07-08 14:02:03,426,resistance_soldier,empire,1,8,7,9,Dagobah
2025-07-08 14:02:02,427,stormtrooper,resistance,6,2,5,8,Ryloth
2025-07-08 14:02:01,428,tie_fighter,resistance,10,6,2,4,Kashyyyk
2025-07-08 14:02:00,429,stormtrooper,empire,4,7,10,9,Umbara
2025-07-08 14:01:59,430,at-at,resistance,4,9,1,8,Corellia
2025-07-08 14:01:58,431,tie_silencer,resistance,5,8,7,6,Socorro
2025-07-08 14:01:57,432,tie_silencer,empire,4,9,10,6,Corellia
2025-07-08 14:01:56,433,stormtrooper,empire,5,9,7,4,Trandosha
2025-07-08 14:01:55,434,tie_fighter,resistance,4,7,9,7,Tatooine
2025-07-08 14:01:54,435,unknown,resistance,2,9,4,1,Iridonia
2025-07-08 14:01:53,436,resistance_soldier,resistance,9,6,6,4,Alderaan
2025-07-08 14:01:52,437,tie_silencer,empire,2,4,8,6,Bestine IV
2025-07-08 14:01:51,438,resistance_soldier,resistance,1,5,6,4,Mirial
2025-07-08 14:01:50,439,at-at,resistance,9,9,3,8,Zolan
2025-07-08 14:01:49,440,at-st,empire,3,2,3,2,Malastare
2025-07-08 14:01:48,441,at-at,resistance,6,3,1,9,Quermia
2025-07-08 14:01:47,442,stormtrooper,empire,7,9,4,2,Vulpter
2025-07-08 14:01:46,443,x-wing,resistance,9,7,4,5,Mon Cala
2025-07-08 14:01:45,444,at-st,empire,3,6,9,2,Dathomir
2025-07-08 14:01:44,445,unknown,empire,8,7,1,8,Trandosha
2025-07-08 14:01:43,446,stormtrooper,empire,9,8,7,8,Toydaria
2025-07-08 14:01:42,447,at-at,resistance,4,5,9,7,Shili
2025-07-08 14:01:41,448,unknown,empire,9,4,2,5,Skako
2025-07-08 14:01:40,449,at-st,empire,7,7,1,8,Tund
2025-07-08 14:01:39,450,x-wing,resistance,7,7,7,9,Ryloth
2025-07-08 14:01:38,451,stormtrooper,empire,1,3,3,2,Concord Dawn
2025-07-08 14:01:37,452,stormtrooper,empire,10,7,7,3,Kashyyyk
2025-07-08 14:01:36,453,unknown,resistance,6,7,8,2,Glee Anselm
2025-07-08 14:01:35,454,tie_silencer,empire,4,5,3,7,Socorro
2025-07-08 14:01:34,455,tie_fighter,empire,9,5,5,2,Concord Dawn
2025-07-08 14:01:33,456,tie_silencer,empire,7,7,8,7,Eriadu
2025-07-08 14:01:32,457,at-at,resistance,4,6,7,6,Socorro
2025-07-08 14:01:31,458,tie_fighter,resistance,10,10,6,1,Kashyyyk
2025-07-08 14:01:30,459,stormtrooper,resistance,7,2,9,6,Kashyyyk
2025-07-08 14:01:29,460,tie_fighter,empire,6,5,3,5,Toydaria
2025-07-08 14:01:28,461,tie_silencer,resistance,3,6,1,3,Iktotch
2025-07-08 14:01:27,462,tie_fighter,resistance,2,7,4,6,Zolan
2025-07-08 14:01:26,463,tie_silencer,resistance,2,1,2,4,Tholoth
2025-07-08 14:01:25,464,stormtrooper,empire,4,3,8,9,Trandosha
2025-07-08 14:01:24,465,at-st,resistance,7,5,6,10,Sullust
2025-07-08 14:01:23,466,at-st,resistance,7,4,7,5,Ojom
2025-07-08 14:01:22,467,resistance_soldier,empire,2,4,2,10,Dathomir
2025-07-08 14:01:21,468,resistance_soldier,empire,3,10,7,10,Bestine IV
2025-07-08 14:01:20,469,at-st,empire,4,4,9,6,Glee Anselm
2025-07-08 14:01:19,470,x-wing,resistance,5,8,3,1,Naboo
2025-07-08 14:01:18,471,stormtrooper,resistance,6,7,8,7,Ryloth
2025-07-08 14:01:17,472,unknown,empire,7,9,2,8,Iridonia
2025-07-08 14:01:16,473,at-at,resistance,5,7,7,8,Alderaan
2025-07-08 14:01:15,474,tie_fighter,empire,6,4,7,2,Quermia
2025-07-08 14:01:14,475,tie_silencer,resistance,6,1,6,1,Zolan
2025-07-08 14:01:13,476,tie_fighter,resistance,10,3,8,1,Cerea
2025-07-08 14:01:12,477,tie_silencer,resistance,1,6,6,5,Troiken
2025-07-08 14:01:11,478,tie_silencer,empire,3,1,7,5,Mirial
2025-07-08 14:01:10,479,tie_fighter,resistance,7,7,6,1,Ryloth
2025-07-08 14:01:09,480,resistance_soldier,resistance,9,1,7,2,Troiken
2025-07-08 14:01:08,481,tie_silencer,empire,10,9,1,4,Ryloth
2025-07-08 14:01:07,482,x-wing,empire,4,4,1,4,Corellia
2025-07-08 14:01:06,483,at-at,empire,1,2,7,3,Skako
2025-07-08 14:01:05,484,unknown,empire,5,2,5,7,Ojom
2025-07-08 14:01:04,485,tie_silencer,empire,5,2,7,3,Muunilinst
2025-07-08 14:01:03,486,unknown,resistance,10,8,4,3,Dagobah
2025-07-08 14:01:02,487,tie_fighter,resistance,9,10,2,5,Dorin
2025-07-08 14:01:01,488,x-wing,resistance,6,3,10,8,Troiken
2025-07-08 14:01:00,489,resistance_soldier,resistance,5,9,5,8,Champala
2025-07-08 14:00:59,490,stormtrooper,resistance,4,6,7,5,Mon Cala
2025-07-08 14:00:58,491,stormtrooper,resistance,9,10,10,1,Alderaan
2025-07-08 14:00:57,492,at-at,empire,7,9,4,1,Toydaria
2025-07-08 14:00:56,493,x-wing,resistance,3,2,4,1,Iktotch
2025-07-08 14:00:55,494,tie_silencer,resistance,5,4,9,8,Skako
2025-07-08 14:00:54,495,unknown,resistance,8,10,3,7,Malastare
2025-07-08 14:00:53,496,tie_fighter,empire,8,9,1,6,Kashyyyk
2025-07-08 14:00:52,497,unknown,empire,1,2,4,1,Vulpter
2025-07-08 14:00:51,498,unknown,empire,3,3,6,10,Tund
2025-07-08 14:00:50,499,unknown,empire,2,2,10,4,Skako
2025-07-08 14:00:49,500,tie_fighter,empire,3,5,8,9,Cerea
2025-07-08 14:00:48,501,x-wing,empire,3,4,4,8,Corellia
2025-07-08 14:00:47,502,at-at,resistance,7,10,3,4,Dagobah
2025-07-08 14:00:46,503,stormtrooper,resistance,10,7,4,3,Haruun Kal
2025-07-08 14:00:45,504,at-at,resistance,8,5,5,1,Trandosha
2025-07-08 14:00:44,505,at-at,empire,3,9,7,7,Dagobah
2025-07-08 14:00:43,506,at-at,empire,5,1,4,6,Rodia
2025-07-08 14:00:42,507,tie_silencer,empire,7,3,5,5,Troiken
2025-07-08 14:00:41,508,stormtrooper,resistance,6,7,8,2,Zolan
2025-07-08 14:00:40,509,resistance_soldier,resistance,3,9,9,1,Mirial
2025-07-08 14:00:39,510,x-wing,empire,9,6,3,6,Malastare
2025-07-08 14:00:38,511,at-st,empire,2,8,6,4,Dathomir
2025-07-08 14:00:37,512,x-wing,empire,10,9,8,10,Mirial
2025-07-08 14:00:36,513,stormtrooper,empire,4,4,7,6,Naboo
2025-07-08 14:00:35,514,at-at,resistance,1,7,9,9,Dathomir
2025-07-08 14:00:34,515,at-st,resistance,9,7,2,10,Socorro
2025-07-08 14:00:33,516,stormtrooper,resistance,9,9,3,1,Kalee
2025-07-08 14:00:32,517,resistance_soldier,resistance,5,3,4,9,Iktotch
2025-07-08 14:00:31,518,stormtrooper,resistance,5,1,8,7,Naboo
2025-07-08 14:00:30,519,x-wing,empire,7,8,4,9,Dagobah
2025-07-08 14:00:29,520,at-st,resistance,3,5,3,2,Eriadu
2025-07-08 14:00:28,521,unknown,resistance,7,8,5,1,Dathomir
2025-07-08 14:00:27,522,unknown,resistance,4,9,1,1,Tholoth
2025-07-08 14:00:26,523,stormtrooper,resistance,8,6,6,5,Quermia
2025-07-08 14:00:25,524,at-at,empire,4,4,7,10,Mirial
2025-07-08 14:00:24,525,tie_silencer,empire,7,7,2,2,Stewjon
2025-07-08 14:00:23,526,tie_silencer,empire,10,5,1,10,Bestine IV
2025-07-08 14:00:22,527,resistance_soldier,empire,2,8,10,2,Skako
2025-07-08 14:00:21,528,at-st,empire,8,8,8,7,Champala
2025-07-08 14:00:20,529,at-st,resistance,10,1,5,6,Dagobah
2025-07-08 14:00:19,530,resistance_soldier,empire,9,7,2,1,Malastare
2025-07-08 14:00:18,531,at-at,empire,7,3,3,1,Cerea
2025-07-08 14:00:17,532,x-wing,empire,6,8,7,7,Corellia
2025-07-08 14:00:16,533,tie_fighter,empire,2,3,2,3,Bestine IV
2025-07-08 14:00:15,534,tie_silencer,resistance,5,4,8,10,Shili
2025-07-08 14:00:14,535,tie_fighter,resistance,4,3,6,3,Iridonia
2025-07-08 14:00:13,536,tie_silencer,resistance,4,8,7,6,Iridonia
2025-07-08 14:00:12,537,at-st,empire,5,6,2,2,Rodia
2025-07-08 14:00:11,538,unknown,resistance,5,8,8,6,Ryloth
2025-07-08 14:00:10,539,at-st,empire,6,10,8,9,Dagobah
2025-07-08 14:00:09,540,x-wing,resistance,9,5,1,2,Quermia
2025-07-08 14:00:08,541,at-at,empire,3,5,4,7,Aleen Minor
2025-07-08 14:00:07,542,resistance_soldier,empire,7,6,3,2,Muunilinst
2025-07-08 14:00:06,543,at-at,resistance,2,10,2,5,Sullust
2025-07-08 14:00:05,544,stormtrooper,resistance,6,8,4,10,Serenno
2025-07-08 14:00:04,545,at-st,empire,8,5,1,2,Stewjon
2025-07-08 14:00:03,546,at-st,empire,7,7,3,10,Quermia
2025-07-08 14:00:02,547,at-st,empire,10,7,7,2,Dagobah
2025-07-08 14:00:01,548,at-st,resistance,1,7,5,10,Troiken
2025-07-08 14:00:00,549,x-wing,empire,8,6,1,1,Tund
2025-07-08 13:59:59,550,stormtrooper,empire,4,1,5,1,Quermia
2025-07-08 13:59:58,551,at-st,resistance,4,9,5,9,Glee Anselm
2025-07-08 13:59:57,552,resistance_soldier,resistance,8,7,3,4,Iktotch
2025-07-08 13:59:56,553,x-wing,empire,8,1,4,8,Shili
2025-07-08 13:59:55,554,at-st,empire,9,10,2,2,Cerea
2025-07-08 13:59:54,555,x-wing,resistance,4,5,4,6,Rodia
2025-07-08 13:59:53,556,at-at,empire,4,10,8,5,Malastare
2025-07-08 13:59:52,557,tie_silencer,empire,9,6,10,1,Eriadu
2025-07-08 13:59:51,558,tie_silencer,empire,5,8,6,2,Trandosha
2025-07-08 13:59:50,559,at-st,empire,5,9,5,3,Iridonia
2025-07-08 13:59:49,560,tie_fighter,empire,4,2,9,7,Socorro
2025-07-08 13:59:48,561,at-st,resistance,1,4,2,7,Kalee
2025-07-08 13:59:47,562,stormtrooper,resistance,1,2,1,7,Bestine IV
2025-07-08 13:59:46,563,stormtrooper,empire,3,6,6,10,Tholoth
2025-07-08 13:59:45,564,tie_silencer,resistance,9,10,10,1,Dathomir
2025-07-08 13:59:44,565,at-at,empire,10,10,9,4,Zolan
2025-07-08 13:59:43,566,tie_silencer,empire,3,10,8,2,Ryloth
2025-07-08 13:59:42,567,unknown,empire,6,4,9,5,Tund
2025-07-08 13:59:41,568,resistance_soldier,resistance,6,10,6,9,Tatooine
2025-07-08 13:59:40,569,unknown,empire,10,9,9,8,Umbara
2025-07-08 13:59:39,570,stormtrooper,empire,4,10,8,6,Aleen Minor
2025-07-08 13:59:38,571,tie_silencer,resistance,7,1,5,9,Sullust
2025-07-08 13:59:37,572,tie_silencer,resistance,7,6,9,10,Troiken
2025-07-08 13:59:36,573,at-st,empire,8,4,4,10,Naboo
2025-07-08 13:59:35,574,x-wing,resistance,7,3,6,2,Vulpter
2025-07-08 13:59:34,575,at-at,resistance,5,2,8,6,Dathomir
2025-07-08 13:59:33,576,x-wing,resistance,10,6,4,4,Tund
2025-07-08 13:59:32,577,tie_fighter,empire,3,1,7,4,Glee Anselm
2025-07-08 13:59:31,578,resistance_soldier,resistance,4,1,2,3,Iridonia
2025-07-08 13:59:30,579,tie_silencer,resistance,7,5,4,8,Mon Cala
2025-07-08 13:59:29,580,unknown,resistance,9,10,10,9,Iktotch
2025-07-08 13:59:28,581,tie_silencer,empire,5,3,4,10,Dorin
2025-07-08 13:59:27,582,tie_fighter,empire,3,1,9,10,Naboo
2025-07-08 13:59:26,583,resistance_soldier,empire,4,3,10,9,Ojom
2025-07-08 13:59:25,584,x-wing,empire,3,3,5,2,Quermia
2025-07-08 13:59:24,585,tie_fighter,resistance,4,7,5,1,Eriadu
2025-07-08 13:59:23,586,stormtrooper,resistance,7,1,4,10,Haruun Kal
2025-07-08 13:59:22,587,tie_fighter,resistance,2,1,5,1,Chandrila
2025-07-08 13:59:21,588,at-at,resistance,6,10,8,6,Tholoth
2025-07-08 13:59:20,589,unknown,empire,2,6,1,10,Cerea
2025-07-08 13:59:19,590,tie_fighter,empire,3,5,4,9,Kashyyyk
2025-07-08 13:59:18,591,unknown,empire,1,6,8,4,Tatooine
2025-07-08 13:59:17,592,resistance_soldier,empire,7,7,9,2,Toydaria
2025-07-08 13:59:16,593,tie_silencer,resistance,5,7,9,1,Shili
2025-07-08 13:59:15,594,at-at,empire,2,8,9,10,Concord Dawn
2025-07-08 13:59:14,595,resistance_soldier,empire,1,5,6,3,Tatooine
2025-07-08 13:59:13,596,tie_silencer,empire,1,1,6,6,Glee Anselm
2025-07-08 13:59:12,597,at-st,empire,1,1,9,4,Zolan
2025-07-08 13:59:11,598,at-at,empire,6,2,3,10,Tatooine
2025-07-08 13:59:10,599,resistance_soldier,empire,8,7,8,2,Tund
2025-07-08 13:59:09,600,unknown,resistance,6,10,8,6,Vulpter
2025-07-08 13:59:08,601,stormtrooper,empire,5,4,6,10,Malastare
2025-07-08 13:59:07,602,stormtrooper,resistance,7,2,10,9,Troiken
2025-07-08 13:59:06,603,stormtrooper,empire,7,2,7,4,Ojom
2025-07-08 13:59:05,604,stormtrooper,empire,8,7,2,7,Kalee
2025-07-08 13:59:04,605,unknown,resistance,5,3,8,1,Shili
2025-07-08 13:59:03,606,x-wing,resistance,4,8,6,8,Sullust
2025-07-08 13:59:02,607,x-wing,empire,8,10,3,1,Quermia
2025-07-08 13:59:01,608,tie_silencer,empire,6,1,6,8,Mirial
2025-07-08 13:59:00,609,resistance_soldier,empire,1,6,7,4,Tund
2025-07-08 13:58:59,610,tie_silencer,resistance,10,3,3,1,Bestine IV
2025-07-08 13:58:58,611,tie_silencer,resistance,4,10,9,6,Skako
2025-07-08 13:58:57,612,at-st,empire,7,6,10,10,Muunilinst
2025-07-08 13:58:56,613,unknown,empire,4,1,6,2,Toydaria
2025-07-08 13:58:55,614,at-st,empire,1,2,4,10,Concord Dawn
2025-07-08 13:58:54,615,resistance_soldier,empire,3,10,6,4,Trandosha
2025-07-08 13:58:53,616,tie_silencer,resistance,10,5,10,2,Socorro
2025-07-08 13:58:52,617,at-at,resistance,3,5,10,8,Skako
2025-07-08 13:58:51,618,tie_fighter,resistance,1,5,4,5,Dathomir
2025-07-08 13:58:50,619,tie_fighter,resistance,2,3,10,7,Ryloth
2025-07-08 13:58:49,620,resistance_soldier,empire,2,4,4,8,Tholoth
2025-07-08 13:58:48,621,tie_silencer,resistance,10,10,8,5,Concord Dawn
2025-07-08 13:58:47,622,stormtrooper,empire,2,8,4,2,Iridonia
2025-07-08 13:58:46,623,resistance_soldier,resistance,1,8,8,3,Cerea
2025-07-08 13:58:45,624,tie_silencer,resistance,2,7,4,9,Umbara
2025-07-08 13:58:44,625,at-at,empire,8,1,1,1,Umbara
2025-07-08 13:58:43,626,resistance_soldier,empire,1,5,10,5,Corellia
2025-07-08 13:58:42,627,tie_silencer,resistance,8,7,5,1,Stewjon
2025-07-08 13:58:41,628,unknown,empire,5,5,1,3,Concord Dawn
2025-07-08 13:58:40,629,tie_fighter,empire,5,7,3,9,Muunilinst
2025-07-08 13:58:39,630,x-wing,empire,4,7,3,1,Iridonia
2025-07-08 13:58:38,631,unknown,empire,3,4,10,3,Eriadu
2025-07-08 13:58:37,632,x-wing,resistance,1,10,10,2,Troiken
2025-07-08 13:58:36,633,at-at,resistance,3,5,6,10,Dathomir
2025-07-08 13:58:35,634,at-st,empire,6,3,5,6,Stewjon
2025-07-08 13:58:34,635,at-at,resistance,6,4,8,6,Mon Cala
2025-07-08 13:58:33,636,resistance_soldier,empire,8,8,8,2,Corellia
2025-07-08 13:58:32,637,at-at,resistance,2,7,2,1,Concord Dawn
2025-07-08 13:58:31,638,x-wing,resistance,9,5,5,4,Ryloth
2025-07-08 13:58:30,639,tie_fighter,resistance,5,10,3,7,Zolan
2025-07-08 13:58:29,640,unknown,empire,6,7,8,1,Naboo
2025-07-08 13:58:28,641,x-wing,empire,1,1,10,7,Socorro
2025-07-08 13:58:27,642,stormtrooper,resistance,5,8,3,4,Haruun Kal
2025-07-08 13:58:26,643,x-wing,resistance,4,3,8,6,Iridonia
2025-07-08 13:58:25,644,tie_fighter,resistance,5,10,3,7,Quermia
2025-07-08 13:58:24,645,unknown,resistance,5,5,2,4,Naboo
2025-07-08 13:58:23,646,at-at,empire,2,6,4,9,Dagobah
2025-07-08 13:58:22,647,x-wing,resistance,6,4,10,1,Mon Cala
2025-07-08 13:58:21,648,at-at,empire,3,3,8,6,Tund
2025-07-08 13:58:20,649,resistance_soldier,resistance,7,8,4,5,Alderaan
2025-07-08 13:58:19,650,stormtrooper,resistance,1,5,4,10,Stewjon
2025-07-08 13:58:18,651,tie_silencer,resistance,4,7,4,6,Corellia
2025-07-08 13:58:17,652,resistance_soldier,empire,2,7,7,10,Bestine IV
2025-07-08 13:58:16,653,unknown,resistance,3,4,2,5,Tholoth
2025-07-08 13:58:15,654,stormtrooper,resistance,7,9,5,4,Haruun Kal
2025-07-08 13:58:14,655,unknown,resistance,4,1,4,7,Shili
2025-07-08 13:58:13,656,tie_silencer,resistance,3,7,3,4,Champala
2025-07-08 13:58:12,657,tie_silencer,empire,5,10,2,6,Umbara
2025-07-08 13:58:11,658,tie_fighter,resistance,6,3,2,1,Mon Cala
2025-07-08 13:58:10,659,stormtrooper,empire,10,10,7,3,Dagobah
2025-07-08 13:58:09,660,stormtrooper,resistance,3,9,7,5,Kashyyyk
2025-07-08 13:58:08,661,at-at,empire,9,8,6,10,Kashyyyk
2025-07-08 13:58:07,662,tie_silencer,resistance,7,9,8,9,Sullust
2025-07-08 13:58:06,663,tie_silencer,empire,4,6,5,6,Haruun Kal
2025-07-08 13:58:05,664,at-at,empire,8,7,2,7,Corellia
2025-07-08 13:58:04,665,at-st,resistance,6,8,2,6,Dorin
2025-07-08 13:58:03,666,x-wing,empire,7,10,6,8,Kalee
2025-07-08 13:58:02,667,unknown,empire,5,8,7,7,Malastare
2025-07-08 13:58:01,668,tie_fighter,resistance,6,5,8,10,Quermia
2025-07-08 13:58:00,669,resistance_soldier,empire,4,8,9,9,Skako
2025-07-08 13:57:59,670,at-at,empire,3,1,2,10,Trandosha
2025-07-08 13:57:58,671,at-at,resistance,1,5,5,7,Trandosha
2025-07-08 13:57:57,672,resistance_soldier,resistance,5,9,8,3,Quermia
2025-07-08 13:57:56,673,x-wing,resistance,10,7,9,1,Quermia
2025-07-08 13:57:55,674,resistance_soldier,resistance,6,7,3,8,Umbara
2025-07-08 13:57:54,675,resistance_soldier,resistance,3,8,6,3,Umbara
2025-07-08 13:57:53,676,at-st,resistance,7,6,4,6,Eriadu
2025-07-08 13:57:52,677,resistance_soldier,empire,3,8,8,6,Ryloth
2025-07-08 13:57:51,678,x-wing,resistance,10,2,1,8,Glee Anselm
2025-07-08 13:57:50,679,x-wing,empire,9,7,1,4,Champala
2025-07-08 13:57:49,680,resistance_soldier,resistance,5,4,8,2,Umbara
2025-07-08 13:57:48,681,x-wing,empire,8,7,5,3,Aleen Minor
2025-07-08 13:57:47,682,unknown,resistance,3,9,4,9,Trandosha
2025-07-08 13:57:46,683,tie_fighter,empire,8,10,3,7,Toydaria
2025-07-08 13:57:45,684,resistance_soldier,resistance,6,9,10,8,Serenno
2025-07-08 13:57:44,685,resistance_soldier,empire,7,2,9,8,Haruun Kal
2025-07-08 13:57:43,686,unknown,empire,4,3,2,3,Ojom
2025-07-08 13:57:42,687,unknown,empire,5,1,10,7,Umbara
2025-07-08 13:57:41,688,unknown,resistance,5,5,8,3,Tatooine
2025-07-08 13:57:40,689,unknown,resistance,2,6,8,4,Quermia
2025-07-08 13:57:39,690,x-wing,empire,4,10,8,5,Rodia
2025-07-08 13:57:38,691,stormtrooper,resistance,3,5,4,3,Haruun Kal
2025-07-08 13:57:37,692,stormtrooper,empire,7,9,6,8,Rodia
2025-07-08 13:57:36,693,tie_fighter,resistance,4,8,1,6,Haruun Kal
2025-07-08 13:57:35,694,x-wing,resistance,6,2,1,1,Quermia
2025-07-08 13:57:34,695,stormtrooper,resistance,2,7,7,5,Dathomir
2025-07-08 13:57:33,696,resistance_soldier,resistance,10,3,5,9,Alderaan
2025-07-08 13:57:32,697,unknown,resistance,4,6,4,3,Stewjon
2025-07-08 13:57:31,698,at-st,resistance,9,8,7,10,Glee Anselm
2025-07-08 13:57:30,699,tie_fighter,empire,7,5,5,4,Quermia
2025-07-08 13:57:29,700,x-wing,empire,6,5,3,8,Serenno
2025-07-08 13:57:28,701,stormtrooper,empire,9,10,7,6,Rodia
2025-07-08 13:57:27,702,at-at,resistance,5,9,8,6,Chandrila
2025-07-08 13:57:26,703,at-at,empire,10,6,10,7,Tund
2025-07-08 13:57:25,704,tie_fighter,resistance,10,3,9,3,Ryloth
2025-07-08 13:57:24,705,at-st,empire,10,9,7,9,Haruun Kal
2025-07-08 13:57:23,706,resistance_soldier,empire,2,1,4,1,Kalee
2025-07-08 13:57:22,707,tie_silencer,empire,8,7,9,9,Ojom
2025-07-08 13:57:21,708,resistance_soldier,resistance,10,1,4,3,Ojom
2025-07-08 13:57:20,709,stormtrooper,empire,3,6,10,8,Zolan
2025-07-08 13:57:19,710,tie_fighter,resistance,10,5,6,1,Chandrila
2025-07-08 13:57:18,711,tie_silencer,resistance,2,3,4,9,Iktotch
2025-07-08 13:57:17,712,stormtrooper,resistance,9,5,1,3,Chandrila
2025-07-08 13:57:16,713,x-wing,empire,7,2,2,8,Ojom
2025-07-08 13:57:15,714,at-st,resistance,8,5,10,9,Shili
2025-07-08 13:57:14,715,unknown,empire,6,6,5,4,Trandosha
2025-07-08 13:57:13,716,tie_fighter,empire,10,1,5,10,Socorro
2025-07-08 13:57:12,717,tie_fighter,empire,4,7,5,2,Naboo
2025-07-08 13:57:11,718,tie_silencer,empire,8,4,2,6,Rodia
2025-07-08 13:57:10,719,x-wing,resistance,9,10,8,6,Alderaan
2025-07-08 13:57:09,720,x-wing,empire,2,4,5,6,Iktotch
2025-07-08 13:57:08,721,unknown,resistance,4,3,5,9,Dorin
2025-07-08 13:57:07,722,resistance_soldier,resistance,7,1,5,4,Iridonia
2025-07-08 13:57:06,723,tie_silencer,resistance,10,10,9,3,Socorro
2025-07-08 13:57:05,724,at-at,resistance,10,9,2,7,Alderaan
2025-07-08 13:57:04,725,x-wing,resistance,1,8,7,10,Glee Anselm
2025-07-08 13:57:03,726,at-st,resistance,3,8,10,7,Iridonia
2025-07-08 13:57:02,727,x-wing,empire,6,4,2,7,Concord Dawn
2025-07-08 13:57:01,728,tie_silencer,empire,10,3,2,8,Corellia
2025-07-08 13:57:00,729,at-st,empire,10,3,4,8,Ojom
2025-07-08 13:56:59,730,tie_fighter,empire,9,8,10,8,Concord Dawn
2025-07-08 13:56:58,731,tie_silencer,resistance,4,9,2,5,Dathomir
2025-07-08 13:56:57,732,unknown,empire,8,10,1,3,Serenno
2025-07-08 13:56:56,733,tie_silencer,empire,3,8,1,7,Serenno
2025-07-08 13:56:55,734,unknown,empire,2,7,3,9,Aleen Minor
2025-07-08 13:56:54,735,tie_fighter,empire,9,6,1,3,Dagobah
2025-07-08 13:56:53,736,at-st,empire,3,10,4,6,Ryloth
2025-07-08 13:56:52,737,stormtrooper,empire,3,6,8,4,Rodia
2025-07-08 13:56:51,738,at-st,resistance,2,3,8,4,Aleen Minor
2025-07-08 13:56:50,739,x-wing,empire,6,1,1,9,Umbara
2025-07-08 13:56:49,740,at-st,empire,6,7,9,8,Serenno
2025-07-08 13:56:48,741,at-st,resistance,9,8,1,2,Naboo
2025-07-08 13:56:47,742,unknown,empire,3,3,1,9,Muunilinst
2025-07-08 13:56:46,743,stormtrooper,resistance,9,8,8,4,Alderaan
2025-07-08 13:56:45,744,stormtrooper,resistance,6,1,7,4,Chandrila
2025-07-08 13:56:44,745,at-at,resistance,6,7,7,8,Umbara
2025-07-08 13:56:43,746,resistance_soldier,empire,3,1,10,1,Ojom
2025-07-08 13:56:42,747,at-st,empire,8,2,7,2,Toydaria
2025-07-08 13:56:41,748,stormtrooper,resistance,9,6,3,4,Sullust
2025-07-08 13:56:40,749,resistance_soldier,empire,1,9,5,5,Glee Anselm
2025-07-08 13:56:39,750,stormtrooper,resistance,9,10,4,9,Naboo
2025-07-08 13:56:38,751,tie_fighter,empire,2,1,7,6,Muunilinst
2025-07-08 13:56:37,752,resistance_soldier,resistance,3,8,6,7,Ojom
2025-07-08 13:56:36,753,unknown,empire,2,7,8,1,Champala
2025-07-08 13:56:35,754,at-st,resistance,9,6,2,10,Tholoth
2025-07-08 13:56:34,755,at-st,empire,5,7,3,2,Muunilinst
2025-07-08 13:56:33,756,stormtrooper,resistance,3,1,2,4,Iktotch
2025-07-08 13:56:32,757,stormtrooper,empire,10,5,6,10,Bestine IV
2025-07-08 13:56:31,758,at-st,resistance,9,9,8,2,Vulpter
2025-07-08 13:56:30,759,at-at,empire,7,7,10,5,Serenno
2025-07-08 13:56:29,760,stormtrooper,resistance,7,3,4,1,Bestine IV
2025-07-08 13:56:28,761,at-at,resistance,2,4,10,7,Iridonia
2025-07-08 13:56:27,762,unknown,empire,10,1,9,8,Cerea
2025-07-08 13:56:26,763,at-at,empire,3,1,7,7,Eriadu
2025-07-08 13:56:25,764,x-wing,empire,6,3,10,2,Tatooine
2025-07-08 13:56:24,765,stormtrooper,empire,3,6,1,6,Iktotch
2025-07-08 13:56:23,766,stormtrooper,resistance,2,2,2,10,Iktotch
2025-07-08 13:56:22,767,at-at,empire,2,10,10,9,Muunilinst
2025-07-08 13:56:21,768,tie_fighter,empire,10,10,1,1,Malastare
2025-07-08 13:56:20,769,unknown,resistance,7,2,3,7,Kashyyyk
2025-07-08 13:56:19,770,at-st,resistance,10,8,3,4,Tatooine
2025-07-08 13:56:18,771,tie_silencer,empire,6,9,2,7,Iktotch
2025-07-08 13:56:17,772,unknown,resistance,7,5,9,7,Socorro
2025-07-08 13:56:16,773,stormtrooper,empire,2,6,6,8,Mon Cala
2025-07-08 13:56:15,774,unknown,empire,7,4,3,6,Iridonia
2025-07-08 13:56:14,775,at-st,resistance,1,3,10,6,Shili
2025-07-08 13:56:13,776,resistance_soldier,resistance,2,5,9,1,Concord Dawn
2025-07-08 13:56:12,777,resistance_soldier,resistance,9,6,6,9,Sullust
2025-07-08 13:56:11,778,tie_silencer,empire,8,3,1,8,Concord Dawn
2025-07-08 13:56:10,779,x-wing,empire,2,2,7,4,Dorin
2025-07-08 13:56:09,780,at-st,resistance,10,1,7,2,Alderaan
2025-07-08 13:56:08,781,stormtrooper,resistance,3,5,9,7,Dorin
2025-07-08 13:56:07,782,tie_fighter,empire,8,5,9,10,Iktotch
2025-07-08 13:56:06,783,stormtrooper,resistance,2,1,9,3,Dorin
2025-07-08 13:56:05,784,at-at,resistance,2,7,8,7,Sullust
2025-07-08 13:56:04,785,resistance_soldier,empire,1,3,6,10,Concord Dawn
2025-07-08 13:56:03,786,unknown,resistance,10,6,4,2,Alderaan
2025-07-08 13:56:02,787,tie_fighter,resistance,2,7,2,8,Tatooine
2025-07-08 13:56:01,788,tie_silencer,empire,9,7,9,5,Corellia
2025-07-08 13:56:00,789,stormtrooper,resistance,3,6,1,8,Kalee
2025-07-08 13:55:59,790,at-st,empire,3,10,4,1,Eriadu
2025-07-08 13:55:58,791,at-st,empire,3,9,3,2,Concord Dawn
2025-07-08 13:55:57,792,at-at,empire,5,1,2,8,Shili
2025-07-08 13:55:56,793,x-wing,empire,6,2,1,4,Serenno
2025-07-08 13:55:55,794,x-wing,resistance,10,4,5,6,Tatooine
2025-07-08 13:55:54,795,at-st,empire,8,9,5,1,Serenno
2025-07-08 13:55:53,796,at-at,resistance,6,7,3,3,Alderaan
2025-07-08 13:55:52,797,tie_fighter,empire,2,1,1,3,Umbara
2025-07-08 13:55:51,798,at-at,empire,9,10,8,6,Vulpter
2025-07-08 13:55:50,799,tie_fighter,resistance,4,9,4,5,Aleen Minor
2025-07-08 13:55:49,800,tie_silencer,empire,9,1,8,8,Tholoth
2025-07-08 13:55:48,801,resistance_soldier,empire,8,7,10,1,Umbara
2025-07-08 13:55:47,802,at-at,resistance,10,5,2,3,Mirial
2025-07-08 13:55:46,803,x-wing,empire,5,1,6,1,Eriadu
2025-07-08 13:55:45,804,tie_fighter,resistance,3,7,3,10,Vulpter
2025-07-08 13:55:44,805,tie_fighter,resistance,7,8,10,9,Cerea
2025-07-08 13:55:43,806,x-wing,resistance,8,6,6,8,Zolan
2025-07-08 13:55:42,807,at-st,empire,7,7,5,5,Bestine IV
2025-07-08 13:55:41,808,stormtrooper,resistance,6,2,8,1,Shili
2025-07-08 13:55:40,809,stormtrooper,resistance,7,4,10,1,Ryloth
2025-07-08 13:55:39,810,unknown,resistance,3,8,8,2,Bestine IV
2025-07-08 13:55:38,811,stormtrooper,resistance,1,2,5,7,Ojom
2025-07-08 13:55:37,812,at-st,resistance,7,3,7,8,Vulpter
2025-07-08 13:55:36,813,resistance_soldier,resistance,8,3,1,3,Ojom
2025-07-08 13:55:35,814,at-st,empire,4,1,4,2,Kalee
2025-07-08 13:55:34,815,tie_fighter,empire,5,4,7,9,Muunilinst
2025-07-08 13:55:33,816,tie_silencer,resistance,2,10,3,8,Shili
2025-07-08 13:55:32,817,at-at,resistance,2,1,4,9,Quermia
2025-07-08 13:55:31,818,stormtrooper,empire,5,1,8,7,Zolan
2025-07-08 13:55:30,819,at-st,resistance,10,7,4,2,Vulpter
2025-07-08 13:55:29,820,unknown,empire,5,5,3,3,Iktotch
2025-07-08 13:55:28,821,tie_fighter,empire,5,9,1,3,Iktotch
2025-07-08 13:55:27,822,at-at,empire,8,3,2,4,Eriadu
2025-07-08 13:55:26,823,x-wing,empire,4,2,5,7,Champala
2025-07-08 13:55:25,824,stormtrooper,empire,4,9,6,2,Stewjon
2025-07-08 13:55:24,825,resistance_soldier,resistance,5,4,3,5,Champala
2025-07-08 13:55:23,826,tie_silencer,empire,7,10,5,8,Umbara
2025-07-08 13:55:22,827,at-at,empire,10,7,5,3,Dorin
2025-07-08 13:55:21,828,tie_silencer,empire,4,2,4,3,Rodia
2025-07-08 13:55:20,829,tie_fighter,resistance,9,1,4,3,Sullust
2025-07-08 13:55:19,830,stormtrooper,resistance,10,7,8,1,Tholoth
2025-07-08 13:55:18,831,x-wing,resistance,5,4,6,1,Tholoth
2025-07-08 13:55:17,832,at-st,resistance,9,3,7,1,Toydaria
2025-07-08 13:55:16,833,tie_fighter,resistance,5,9,9,10,Socorro
2025-07-08 13:55:15,834,at-st,resistance,3,9,1,6,Zolan
2025-07-08 13:55:14,835,at-at,resistance,5,5,3,5,Socorro
2025-07-08 13:55:13,836,tie_silencer,empire,6,5,3,8,Stewjon
2025-07-08 13:55:12,837,tie_fighter,empire,5,1,5,5,Dagobah
2025-07-08 13:55:11,838,stormtrooper,empire,2,3,3,8,Trandosha
2025-07-08 13:55:10,839,unknown,empire,4,10,10,4,Kalee
2025-07-08 13:55:09,840,stormtrooper,empire,2,10,8,10,Vulpter
2025-07-08 13:55:08,841,x-wing,resistance,3,7,6,6,Rodia
2025-07-08 13:55:07,842,x-wing,resistance,6,10,7,10,Concord Dawn
2025-07-08 13:55:06,843,resistance_soldier,resistance,9,2,1,9,Shili
2025-07-08 13:55:05,844,tie_silencer,resistance,8,3,1,5,Concord Dawn
2025-07-08 13:55:04,845,tie_silencer,empire,2,1,10,10,Dorin
2025-07-08 13:55:03,846,at-at,resistance,3,7,6,8,Dathomir
2025-07-08 13:55:02,847,at-st,resistance,10,4,10,4,Cerea
2025-07-08 13:55:01,848,tie_fighter,empire,3,5,5,6,Muunilinst
2025-07-08 13:55:00,849,x-wing,resistance,9,10,1,9,Alderaan
2025-07-08 13:54:59,850,tie_fighter,empire,10,5,10,6,Stewjon
2025-07-08 13:54:58,851,stormtrooper,resistance,8,10,2,1,Kalee
2025-07-08 13:54:57,852,tie_fighter,resistance,6,10,3,5,Cerea
2025-07-08 13:54:56,853,tie_fighter,resistance,10,7,9,2,Aleen Minor
2025-07-08 13:54:55,854,resistance_soldier,empire,6,9,3,3,Chandrila
2025-07-08 13:54:54,855,tie_fighter,empire,6,1,10,8,Corellia
2025-07-08 13:54:53,856,tie_fighter,empire,6,3,10,1,Champala
2025-07-08 13:54:52,857,x-wing,resistance,1,5,5,2,Umbara
2025-07-08 13:54:51,858,at-st,empire,7,1,4,2,Tund
2025-07-08 13:54:50,859,at-st,empire,9,9,9,4,Umbara
2025-07-08 13:54:49,860,at-at,resistance,10,2,7,3,Eriadu
2025-07-08 13:54:48,861,resistance_soldier,resistance,3,2,2,10,Tatooine
2025-07-08 13:54:47,862,tie_fighter,resistance,2,4,10,1,Vulpter
2025-07-08 13:54:46,863,resistance_soldier,empire,7,8,6,8,Eriadu
2025-07-08 13:54:45,864,tie_fighter,resistance,5,7,1,5,Concord Dawn
2025-07-08 13:54:44,865,stormtrooper,empire,4,5,5,4,Zolan
2025-07-08 13:54:43,866,x-wing,resistance,5,8,9,10,Socorro
2025-07-08 13:54:42,867,x-wing,resistance,2,10,7,4,Vulpter
2025-07-08 13:54:41,868,resistance_soldier,resistance,9,9,6,1,Shili
2025-07-08 13:54:40,869,unknown,empire,9,1,2,4,Aleen Minor
2025-07-08 13:54:39,870,unknown,resistance,7,5,4,9,Mon Cala
2025-07-08 13:54:38,871,stormtrooper,resistance,1,2,7,8,Eriadu
2025-07-08 13:54:37,872,tie_silencer,resistance,2,10,9,3,Iridonia
2025-07-08 13:54:36,873,at-at,resistance,8,2,10,9,Kashyyyk
2025-07-08 13:54:35,874,x-wing,empire,1,7,4,2,Umbara
2025-07-08 13:54:34,875,tie_silencer,empire,5,8,3,7,Zolan
2025-07-08 13:54:33,876,resistance_soldier,resistance,10,9,6,7,Kashyyyk
2025-07-08 13:54:32,877,at-at,empire,5,9,2,10,Toydaria
2025-07-08 13:54:31,878,tie_fighter,resistance,1,10,3,7,Rodia
2025-07-08 13:54:30,879,at-st,empire,9,5,6,9,Dagobah
2025-07-08 13:54:29,880,at-at,empire,2,4,1,3,Dagobah
2025-07-08 13:54:28,881,unknown,empire,7,10,10,4,Malastare
2025-07-08 13:54:27,882,stormtrooper,resistance,3,5,4,8,Mon Cala
2025-07-08 13:54:26,883,tie_silencer,empire,7,10,3,10,Trandosha
2025-07-08 13:54:25,884,unknown,resistance,6,1,6,7,Shili
2025-07-08 13:54:24,885,unknown,empire,10,2,10,9,Quermia
2025-07-08 13:54:23,886,x-wing,resistance,5,3,7,6,Glee Anselm
2025-07-08 13:54:22,887,resistance_soldier,resistance,8,4,3,6,Socorro
2025-07-08 13:54:21,888,at-at,resistance,8,8,9,10,Mon Cala
2025-07-08 13:54:20,889,resistance_soldier,empire,5,4,1,1,Dorin
2025-07-08 13:54:19,890,tie_fighter,resistance,5,3,2,4,Alderaan
2025-07-08 13:54:18,891,x-wing,empire,2,7,3,6,Cerea
2025-07-08 13:54:17,892,at-st,empire,1,10,4,2,Rodia
2025-07-08 13:54:16,893,at-st,resistance,1,7,5,5,Alderaan
2025-07-08 13:54:15,894,stormtrooper,empire,9,3,4,4,Toydaria
2025-07-08 13:54:14,895,unknown,empire,1,10,6,10,Serenno
2025-07-08 13:54:13,896,x-wing,empire,10,4,2,1,Haruun Kal
2025-07-08 13:54:12,897,resistance_soldier,resistance,1,7,8,5,Alderaan
2025-07-08 13:54:11,898,at-st,resistance,4,7,10,10,Naboo
2025-07-08 13:54:10,899,unknown,empire,9,5,1,6,Shili
2025-07-08 13:54:09,900,at-at,resistance,6,1,1,9,Dorin
2025-07-08 13:54:08,901,at-at,empire,6,9,8,6,Tatooine
2025-07-08 13:54:07,902,unknown,resistance,9,4,5,6,Muunilinst
2025-07-08 13:54:06,903,tie_fighter,empire,7,7,7,7,Eriadu
2025-07-08 13:54:05,904,resistance_soldier,empire,1,9,1,3,Stewjon
2025-07-08 13:54:04,905,x-wing,resistance,8,4,2,6,Mon Cala
2025-07-08 13:54:03,906,unknown,empire,7,8,5,6,Socorro
2025-07-08 13:54:02,907,tie_fighter,resistance,5,9,3,10,Mon Cala
2025-07-08 13:54:01,908,x-wing,empire,8,7,9,10,Muunilinst
2025-07-08 13:54:00,909,resistance_soldier,empire,1,6,3,5,Stewjon
2025-07-08 13:53:59,910,stormtrooper,empire,3,6,1,4,Corellia
2025-07-08 13:53:58,911,resistance_soldier,empire,5,1,8,9,Dagobah
2025-07-08 13:53:57,912,x-wing,resistance,4,6,3,2,Ryloth
2025-07-08 13:53:56,913,at-st,resistance,6,3,4,3,Umbara
2025-07-08 13:53:55,914,x-wing,resistance,7,4,7,3,Glee Anselm
2025-07-08 13:53:54,915,unknown,empire,3,10,2,2,Tatooine
2025-07-08 13:53:53,916,x-wing,empire,10,6,10,5,Bestine IV
2025-07-08 13:53:52,917,at-at,resistance,3,9,3,1,Tholoth
2025-07-08 13:53:51,918,at-st,resistance,1,4,5,4,Cerea
2025-07-08 13:53:50,919,resistance_soldier,empire,8,2,1,6,Mon Cala
2025-07-08 13:53:49,920,x-wing,resistance,4,9,1,5,Cerea
2025-07-08 13:53:48,921,resistance_soldier,resistance,2,4,2,5,Eriadu
2025-07-08 13:53:47,922,stormtrooper,empire,2,4,3,6,Concord Dawn
2025-07-08 13:53:46,923,tie_fighter,empire,7,8,2,5,Mirial
2025-07-08 13:53:45,924,tie_silencer,resistance,2,10,5,1,Aleen Minor
2025-07-08 13:53:44,925,x-wing,resistance,9,10,4,7,Ojom
2025-07-08 13:53:43,926,at-at,empire,8,2,2,2,Ojom
2025-07-08 13:53:42,927,unknown,resistance,7,7,7,9,Sullust
2025-07-08 13:53:41,928,tie_silencer,resistance,6,5,2,2,Tholoth
2025-07-08 13:53:40,929,unknown,empire,6,10,9,10,Dorin
2025-07-08 13:53:39,930,at-at,resistance,5,9,6,3,Tatooine
2025-07-08 13:53:38,931,at-st,empire,1,1,6,2,Naboo
2025-07-08 13:53:37,932,resistance_soldier,empire,10,7,5,8,Vulpter
2025-07-08 13:53:36,933,tie_silencer,resistance,3,1,3,5,Socorro
2025-07-08 13:53:35,934,at-st,empire,6,1,4,5,Aleen Minor
2025-07-08 13:53:34,935,resistance_soldier,empire,8,9,7,5,Bestine IV
2025-07-08 13:53:33,936,at-st,resistance,9,5,3,6,Kalee
2025-07-08 13:53:32,937,tie_fighter,empire,9,8,9,4,Aleen Minor
2025-07-08 13:53:31,938,x-wing,empire,3,4,2,3,Vulpter
2025-07-08 13:53:30,939,at-st,resistance,4,6,5,4,Sullust
2025-07-08 13:53:29,940,tie_fighter,empire,7,2,3,3,Trandosha
2025-07-08 13:53:28,941,at-at,empire,6,9,5,2,Zolan
2025-07-08 13:53:27,942,tie_silencer,empire,3,2,4,8,Tatooine
2025-07-08 13:53:26,943,at-at,empire,6,7,9,1,Haruun Kal
2025-07-08 13:53:25,944,tie_silencer,empire,3,7,4,9,Socorro
2025-07-08 13:53:24,945,stormtrooper,empire,7,10,6,10,Corellia
2025-07-08 13:53:23,946,stormtrooper,empire,1,8,4,9,Corellia
2025-07-08 13:53:22,947,stormtrooper,empire,10,9,8,10,Troiken
2025-07-08 13:53:21,948,tie_fighter,empire,5,3,2,2,Eriadu
2025-07-08 13:53:20,949,unknown,resistance,5,10,7,9,Umbara
2025-07-08 13:53:19,950,tie_fighter,empire,2,1,4,2,Corellia
2025-07-08 13:53:18,951,unknown,resistance,6,9,3,1,Mon Cala
2025-07-08 13:53:17,952,stormtrooper,resistance,10,7,3,4,Mon Cala
2025-07-08 13:53:16,953,at-st,resistance,9,8,9,4,Alderaan
2025-07-08 13:53:15,954,tie_silencer,resistance,6,8,8,2,Cerea
2025-07-08 13:53:14,955,x-wing,resistance,4,5,4,5,Zolan
2025-07-08 13:53:13,956,tie_fighter,resistance,9,10,8,3,Champala
2025-07-08 13:53:12,957,at-at,resistance,6,2,2,3,Dorin
2025-07-08 13:53:11,958,at-st,resistance,9,4,6,3,Dathomir
2025-07-08 13:53:10,959,stormtrooper,resistance,1,5,5,2,Tholoth
2025-07-08 13:53:09,960,tie_fighter,empire,9,2,10,5,Skako
2025-07-08 13:53:08,961,at-at,empire,10,1,9,7,Mirial
2025-07-08 13:53:07,962,stormtrooper,resistance,8,6,5,7,Ojom
2025-07-08 13:53:06,963,tie_silencer,resistance,8,4,8,5,Quermia
2025-07-08 13:53:05,964,stormtrooper,empire,1,9,9,7,Mirial
2025-07-08 13:53:04,965,x-wing,resistance,4,7,7,5,Rodia
2025-07-08 13:53:03,966,at-st,resistance,5,3,7,8,Umbara
2025-07-08 13:53:02,967,tie_fighter,resistance,1,1,5,5,Aleen Minor
2025-07-08 13:53:01,968,tie_fighter,empire,2,3,5,10,Stewjon
2025-07-08 13:53:00,969,stormtrooper,empire,2,5,10,7,Muunilinst
2025-07-08 13:52:59,970,tie_fighter,empire,10,1,7,6,Glee Anselm
2025-07-08 13:52:58,971,tie_fighter,resistance,10,3,1,10,Naboo
2025-07-08 13:52:57,972,at-st,resistance,8,10,9,8,Malastare
2025-07-08 13:52:56,973,unknown,empire,2,7,8,10,Rodia
2025-07-08 13:52:55,974,resistance_soldier,resistance,1,6,6,6,Sullust
2025-07-08 13:52:54,975,tie_silencer,resistance,6,1,9,7,Sullust
2025-07-08 13:52:53,976,at-st,empire,9,2,6,6,Rodia
2025-07-08 13:52:52,977,resistance_soldier,empire,4,7,8,1,Quermia
2025-07-08 13:52:51,978,x-wing,empire,10,10,8,10,Quermia
2025-07-08 13:52:50,979,at-at,resistance,2,7,5,7,Alderaan
2025-07-08 13:52:49,980,stormtrooper,resistance,4,5,6,5,Kashyyyk
2025-07-08 13:52:48,981,resistance_soldier,empire,6,1,7,9,Concord Dawn
2025-07-08 13:52:47,982,resistance_soldier,resistance,2,5,3,1,Naboo
2025-07-08 13:52:46,983,tie_silencer,resistance,8,4,2,10,Quermia
2025-07-08 13:52:45,984,stormtrooper,resistance,4,8,6,6,Kashyyyk
2025-07-08 13:52:44,985,resistance_soldier,resistance,3,8,10,7,Dathomir
2025-07-08 13:52:43,986,at-at,empire,8,6,2,6,Chandrila
2025-07-08 13:52:42,987,x-wing,empire,5,2,4,8,Serenno
2025-07-08 13:52:41,988,at-at,empire,4,9,4,1,Naboo
2025-07-08 13:52:40,989,x-wing,resistance,5,10,1,7,Socorro
2025-07-08 13:52:39,990,stormtrooper,empire,2,2,9,7,Corellia
2025-07-08 13:52:38,991,at-st,resistance,1,2,6,4,Trandosha
2025-07-08 13:52:37,992,stormtrooper,resistance,9,5,10,4,Dathomir
2025-07-08 13:52:36,993,stormtrooper,resistance,2,3,2,2,Sullust
2025-07-08 13:52:35,994,unknown,resistance,9,8,5,6,Umbara
2025-07-08 13:52:34,995,stormtrooper,resistance,3,7,5,2,Haruun Kal
2025-07-08 13:52:33,996,resistance_soldier,resistance,4,3,3,4,Kashyyyk
2025-07-08 13:52:32,997,x-wing,empire,5,8,8,9,Bestine IV
2025-07-08 13:52:31,998,at-st,resistance,2,7,10,7,Kalee
2025-07-08 13:52:30,999,tie_silencer,resistance,3,2,2,1,Malastare
2025-07-08 13:52:29,1000,at-at,resistance,7,7,5,7,Shili
